Id,Category
aT1.jpg,0
aT2.jpg,0
aT5.jpg,0
aT17.jpg,0
aT21.jpg,1
aT31.jpg,3
aT33.jpg,7
aT34.jpg,0
aT47.jpg,0
aT55.jpg,0
aT61.jpg,0
aT68.jpg,0
aT74.jpg,0
aT75.jpg,0
aT80.jpg,0
aT83.jpg,0
aT84.jpg,0
aT94.jpg,0
aT99.jpg,0
aT100.jpg,0
aT104.jpg,0
bT6.jpg,1
bT12.jpg,1
bT17.jpg,1
bT18.jpg,1
bT23.jpg,1
bT26.jpg,1
bT29.jpg,1
bT40.jpg,1
bT50.jpg,1
bT58.jpg,1
bT67.jpg,0
bT68.jpg,1
bT69.jpg,1
bT70.jpg,1
bT76.jpg,0
cT2.jpg,2
cT7.jpg,2
cT10.jpg,2
cT13.jpg,0
cT14.jpg,1
cT17.jpg,2
cT30.jpg,2
cT33.jpg,2
cT37.jpg,2
cT51.jpg,2
cT55.jpg,2
dT8.jpg,3
dT10.jpg,3
dT11.jpg,3
dT12.jpg,3
dT15.jpg,3
dT19.jpg,3
dT20.jpg,3
dT23.jpg,3
dT24.jpg,5
dT30.jpg,3
dT43.jpg,3
dT58.jpg,3
eT16.jpg,5
eT17.jpg,4
eT21.jpg,4
eT22.jpg,4
fT1.jpg,5
fT11.jpg,5
fT17.jpg,5
fT21.jpg,5
fT23.jpg,5
fT30.jpg,5
fT32.jpg,5
fT34.jpg,11
fT37.jpg,5
fT54.jpg,5
fT57.jpg,5
fT58.jpg,5
gT5.jpg,6
gT7.jpg,6
gT11.jpg,6
gT14.jpg,6
hT1.jpg,7
hT5.jpg,0
hT6.jpg,0
hT12.jpg,7
hT17.jpg,5
hT23.jpg,7
hT25.jpg,7
hT30.jpg,7
hT32.jpg,7
hT45.jpg,7
hT48.jpg,7
hT60.jpg,7
hT61.jpg,7
hT69.jpg,7
hT70.jpg,7
iT7.jpg,8
iT8.jpg,8
iT14.jpg,8
iT15.jpg,8
iT21.jpg,8
iT25.jpg,8
iT30.jpg,8
iT32.jpg,8
iT45.jpg,8
iT49.jpg,8
jT3.jpg,12
jT4.jpg,9
jT5.jpg,1
jT16.jpg,9
jT17.jpg,7
kT8.jpg,10
kT10.jpg,10
kT17.jpg,10
kT19.jpg,10
kT24.jpg,10
kT30.jpg,10
lT5.jpg,11
lT14.jpg,11
lT18.jpg,11
lT26.jpg,11
lT27.jpg,11
lT29.jpg,11
lT30.jpg,5
lT31.jpg,11
lT35.jpg,11
lT39.jpg,11
lT42.jpg,11
lT67.jpg,11
lT75.jpg,6
lT76.jpg,7
lT77.jpg,11
lT81.jpg,11
lT85.jpg,11
mT2.jpg,12
mT12.jpg,1
mT16.jpg,12
mT19.jpg,12
mT21.jpg,12
mT27.jpg,12
mT37.jpg,12
nT9.jpg,11
nT14.jpg,13
nT20.jpg,13
nT21.jpg,13
nT25.jpg,13
nT32.jpg,13
nT35.jpg,13
